customer_id,first_name,last_name,email,gender,customer_address,country
1,Dud,Aguirrezabala,daguirrezabala0@nih.gov,Male,Room 1527,Indonesia
2,Glenn,Kainz,gkainz1@miitbeian.gov.cn,Female,Apt 872,Japan
3,Fleming,Witherop,fwitherop2@kickstarter.com,Male,PO Box 42263,Georgia
4,Maiga,Esslemont,messlemont3@simplemachines.org,Female,Room 1925,Mexico
5,Janene,Beran,jberan4@ehow.com,Female,PO Box 16424,Indonesia
6,Cathee,Costin,ccostin5@cloudflare.com,Female,PO Box 96126,Lithuania
7,Lilla   ,Prichet,lprichet6@wsj.com,Female,Room 1790,Indonesia
8,Sterne,McLagain,smclagain7@nydailynews.com,Male,,Colombia
9,Patrick,Parrett,pparrett8@cisco.com,Female,14th Floor,Greece
10,Antons,Cheke,acheke9@mozilla.org,Male,Apt 1106,Venezuela
11,Layne,Antuoni,lantuonia@photobucket.com,Female,Room 1169,Poland
12,Patty,Hellsdon,phellsdonb@wikispaces.com,Female,Apt 1792,Sweden
13,Bartholemy,Abelovitz,babelovitzc@washingtonpost.com,Male,PO Box 81906,Poland
14,Hobard,Fussie,hfussied@networksolutions.com,Male,Suite 53,Lithuania
15,Paton,Lawday,plawdaye@mtv.com,Male,Apt 1771,Nigeria
16,Ryon/,Lamball,rlamballf@gizmodo.com,Male,Room 1395,Portugal
17,Fenelia,Yurkevich,fyurkevichg@over-blog.com,Female,14th Floor,Philippines
18,Saxon,Wichard,swichardh@sphinn.com,Male,,Ghana
19,Annalise,Concannon,aconcannoni@a8.net,Female,Suite 18,Indonesia
20,Tailor,Brunton,tbruntonj@seattletimes.com,Male,Suite 8,Sweden
21,Kristoffer,Stedell,kstedellk@ifeng.com,Male,PO Box 12693,China
22,Keelia,Wicklen,kwicklenl@meetup.com,Female,Apt 1669,China
23,Steffi,Hanalan,shanalanm@bravesites.com,Female,11th Floor,Finland
24,Abeu,Luciano,alucianon@theguardian.com,Male,Suite 45,Portugal
25,Phil/,Castenda,pcastendao@marketwatch.com,Male,PO Box 11015,Greece
26,Marleah,Absolem,mabsolemp@telegraph.co.uk,Female,Apt 67,Indonesia
27,Lars,Burris,lburrisq@tripod.com,Male,Room 1574,Serbia
28,Adan,Zimmerman,azimmermanr@creativecommons.org,Male,,Czech Republic
29,Gates,Bodesson,gbodessons@bigcartel.com,Female,3rd Floor,Croatia
30,Rutledge,Goodbarne,rgoodbarnet@w3.org,Male,Apt 1077,China
31,Candice,Crepel,ccrepelu@naver.com,Female,Room 510,China
32,Forrest,Kivell,fkivellv@plala.or.jp,Male,Apt 510,China
33,Ivy,Welldrake,iwelldrakew@tumblr.com,Female,,Indonesia
34,Emmi,Roskrug,eroskrugx@blogtalkradio.com,Female,4th Floor,Venezuela
35,Peirce,Rosbotham,prosbothamy@nature.com,Male,Room 1650,China
36,Farris/,Stillman,fstillmanz@elegantthemes.com,Male,Apt 777,China
37,Natala,Reyna,nreyna10@wix.com,Female,PO Box 22300,
38,Bel,Rogliero,brogliero11@virginia.edu,Female,Suite 60,Panama
39,Phillip,Olin,polin12@nbcnews.com,Male,Apt 875,China
40,Tracey,Vlasenkov,tvlasenkov13@prnewswire.com,Male,9th Floor,Poland
41,Freemon,McMichael,fmcmichael14@nymag.com,Male,Suite 63,Portugal
42,Tamera,Cassella,tcassella15@jigsy.com,Female,Apt 1831,China
43,Lucienne,Carnelley,lcarnelley16@archive.org,Female,Apt 1623,Poland
44,Clerc,Pennock,cpennock17@fastcompany.com,Male,,Czech Republic
45,Elvira,Pickerill,epickerill18@virginia.edu,Female,Suite 18,
46,Collen,Norquoy,cnorquoy19@unicef.org,Male,,Honduras
47,Erin,Fake,efake1a@chicagotribune.com,Female,Apt 37,Tunisia
48,Adrianne,Colerick,acolerick1b@51.la,Female,7th Floor,
49,Babette,Gaish,bgaish1c@miibeian.gov.cn,Female,Room 1161,Philippines
50,Dorey,Plumb,dplumb1d@omniture.com,Male,PO Box 52933,Greece
51,Danice,Fudge,dfudge1e@aboutads.info,Female,PO Box 15477,Brazil
52,Talbert,Gale,tgale1f@elegantthemes.com,Male,8th Floor,Norway
53,Trina,MacBey,tmacbey1g@theguardian.com,Female,Apt 148,Brazil
54,Anthe/,Harms,aharms1h@alexa.com,Female,Room 217,Sweden
55,Georgeta,Old,gold1i@hexun.com,Female,2nd Floor,Albania
56,Glad,Erangey,gerangey1j@nbcnews.com,Female,PO Box 35234,Czech Republic
57,Concettina,Screech,cscreech1k@example.com,Female,Suite 73,Japan
58,Fitz,Gozney,fgozney1l@scribd.com,Male,Room 562,Ukraine
59,Araldo,De Winton,adewinton1m@godaddy.com,Male,Suite 56,
60,Rancell,Lavielle,rlavielle1n@cam.ac.uk,Male,Suite 71,Burkina Faso
61,Allister,Linzey,alinzey1o@addtoany.com,Male,Room 1607,United States
62,Knox,Whiley,kwhiley1p@shinystat.com,Male,Apt 1256,Finland
63,Thorin,Lief,tlief1q@about.com,Male,Room 1698,China
64,Karlyn,Swaffer,kswaffer1r@nifty.com,Female,Apt 1721,Russia
65,Aggy,Lincoln,alincoln1s@webs.com,Female,Apt 1180,Libya
66,Catharine,Veitch,cveitch1t@zdnet.com,Female,13th Floor,Armenia
67,Myrtie,Saltrese,msaltrese1u@miitbeian.gov.cn,Female,Room 383,United States
68,Cleo,Sponton,csponton1v@dmoz.org,Female,10th Floor,Portugal
69,Margo,McIlreavy,mmcilreavy1w@cnbc.com,Female,Suite 69,Bhutan
70,Jack,Horrell,jhorrell1x@adobe.com,Male,PO Box 19634,Germany
71,Hayden/,Trighton,htrighton1y@naver.com,Male,Apt 297,Mexico
72,Rheba,Vella,rvella1z@nifty.com,Female,Suite 79,China
73,Lizbeth,Kirsopp,lkirsopp20@yale.edu,Female,Apt 467,Poland
74,Alejandro,Broughton,abroughton21@wikia.com,Male,5th Floor,Russia
75,Darnall,Ebbetts,debbetts22@fda.gov,Male,Room 1550,Ukraine
76,Florida,Gallard,fgallard23@reuters.com,Female,Suite 7,Peru
77,Vincents/,Bassindale,vbassindale24@omniture.com,Male,PO Box 44561,Uganda
78,Quinn,Molyneux,qmolyneux25@foxnews.com,Female,Suite 94,Russia
79,Vonny,Northley,vnorthley26@mit.edu,Male,15th Floor,Poland
80,Erda,Riordan,eriordan27@hostgator.com,Female,PO Box 95559,China
81,Koren,Silkston,ksilkston28@uiuc.edu,Female,Suite 18,Indonesia
82,Izzy,Melsom,imelsom29@tinypic.com,Male,17th Floor,China
83,Faith,Lamblin,flamblin2a@furl.net,Female,Suite 15,United States
84,Goran,Summerlee,gsummerlee2b@github.com,Male,Suite 84,
85,Brit/,Sawell,bsawell2c@ow.ly,Female,20th Floor,Libya
86,Brucie,Rymer,brymer2d@bizjournals.com,Male,Suite 22,
87,Adriane,Kirtland,akirtland2e@un.org,Female,18th Floor,China
88,Cullan,Lenahan,clenahan2f@xinhuanet.com,Male,Room 1733,China
89,Trudey,Marcum,tmarcum2g@simplemachines.org,Female,16th Floor,Libya
90,Yale,Manhare,ymanhare2h@house.gov,Male,Suite 41,China
91,Alick,Owenson,aowenson2i@mozilla.org,Male,PO Box 80542,Canada
92,Guilbert,Roncelli,groncelli2j@yandex.ru,Male,Room 175,Belarus
93,Marisa,Egan,megan2k@dailymail.co.uk,Female,Suite 23,Honduras
94,Leigha,Kynton,lkynton2l@geocities.com,Female,Room 1578,Czech Republic
95,Irvine,Hurring,ihurring2m@techcrunch.com,Male,Apt 1913,Mexico
96,Dennet,Scrange,dscrange2n@biblegateway.com,Male,Suite 12,Vietnam
97,Alric,Warrender,awarrender2o@theglobeandmail.com,,1st Floor,Russia
98,Tremain,Chatfield,tchatfield2p@reverbnation.com,Male,10th Floor,China
99,Jenni,Tacon,jtacon2q@yelp.com,Male,Apt 408,Portugal
100,Ramona,Tythe,rtythe2r@flickr.com,Female,20th Floor,Czech Republic
101,Archibald,Leggan,aleggan2s@1und1.de,Male,,Tanzania
102,Gregorio,Bartalini,gbartalini2t@jiathis.com,,Suite 16,Indonesia
103,Kristan/,Veque,kveque2u@multiply.com,Female,Suite 38,Kenya
104,Magdalen,Pietruszewicz,mpietruszewicz2v@ted.com,Female,Room 766,Thailand
105,Agosto,Landon,alandon2w@usa.gov,Male,Suite 9,Indonesia
106,Minette,Dennant,mdennant2x@ycombinator.com,Female,Apt 1831,Thailand
107,Dulsea,Andriolli,dandriolli2y@issuu.com,Female,Suite 51,China
108,Kizzee,Otto,kotto2z@miibeian.gov.cn,Female,7th Floor,Portugal
109,Hamlen,Slobom,hslobom30@oracle.com,Male,PO Box 63184,El Salvador
110,Theodor,Wadham,twadham31@walmart.com,Male,Apt 817,Afghanistan
111,Kaylil,Bracey,kbracey32@xing.com,Female,Suite 52,Indonesia
112,Gregg,Hamer,ghamer33@people.com.cn,Male,12th Floor,Russia
113,Zea,Penson,zpenson34@photobucket.com,Female,PO Box 29276,Indonesia
114,Cecily,Marcus,cmarcus35@flickr.com,Male,PO Box 71636,
115,Aguie,Seilmann,aseilmann36@naver.com,Male,PO Box 87843,United States
116,Theo,Cullip,tcullip37@nba.com,Male,Apt 713,Russia
117,Jewelle,Bengal,jbengal38@fc2.com,Female,Room 1561,Greenland
118,Anselm,William,awilliam39@statcounter.com,Male,Apt 1239,China
119,Briggs,Spenley,bspenley3a@bbc.co.uk,Male,PO Box 20968,France
120,Demott,McCaskill,dmccaskill3b@cdbaby.com,Male,Apt 955,China
121,Chrysa,Lantaff,clantaff3c@google.co.uk,Female,Apt 1111,Poland
122,Bekki,Geer,bgeer3d@sina.com.cn,Male,Suite 35,Indonesia
123,Terra,Redshaw,tredshaw3e@infoseek.co.jp,Female,Suite 39,Russia
124,Rafi/,Primrose,rprimrose3f@rakuten.co.jp,Male,Room 209,Sweden
125,Candy,Egle of Germany,cegleofgermany3g@blogspot.com,Female,Apt 760,Russia
126,Ulysses,Hellwig,uhellwig3h@jalbum.net,Male,Suite 43,Greece
127,Cynthy,Dumingos,cdumingos3i@webmd.com,Female,Room 119,Indonesia
128,Dietrich,Paling,dpaling3j@infoseek.co.jp,Male,PO Box 38428,
129,Robyn,Nono,rnono3k@cnet.com,Female,PO Box 56680,Portugal
130,Mort,Kennler,mkennler3l@jigsy.com,Male,Suite 4,Syria
131,Freddi,Meagher,fmeagher3m@instagram.com,Male,Room 1881,Guatemala
132,Shelley,Kellart,skellart3n@noaa.gov,Female,2nd Floor,China
133,Elizabeth,MacRierie,emacrierie3o@liveinternet.ru,,14th Floor,Japan
134,Warde,Sappson,wsappson3p@bluehost.com,Male,Room 1537,Mongolia
135,Ted,Healeas,thealeas3q@vinaora.com,Male,Suite 42,Mexico
136,Tandi,Belliveau,tbelliveau3r@usnews.com,Female,20th Floor,Sweden
137,Rana,Emmott,remmott3s@com.com,Female,Suite 75,Niger
138,Gregorius,Marlon,gmarlon3t@earthlink.net,Male,PO Box 27630,China
139,Sissy,Parham,sparham3u@redcross.org,Female,Room 1749,United States
140,Orren,Castleman,ocastleman3v@mtv.com,Male,Apt 523,South Africa
141,Alphonso,Tott,atott3w@booking.com,Male,Apt 161,
142,Kimberly,Malyan,kmalyan3x@sohu.com,Female,Room 25,Afghanistan
143,Banky,Van De Cappelle,bvandecappelle3y@google.es,Male,5th Floor,South Korea
144,Livy,Duran,lduran3z@pcworld.com,Female,Suite 18,China
145,Gabriele,Dauber,gdauber40@sfgate.com,Male,Room 550,China
146,Jena,Wedmore,jwedmore41@fastcompany.com,Female,PO Box 82843,Thailand
147,Iolanthe,Larraway,ilarraway42@cafepress.com,Female,Apt 988,Indonesia
148,Gabrila,Crinkley,gcrinkley43@china.com.cn,Male,Suite 20,Philippines
149,Kakalina,Condell,kcondell44@ebay.co.uk,Female,Suite 86,
150,Erica,Hofton,ehofton45@timesonline.co.uk,Female,Suite 23,Belarus
151,Maryann,Dutnall,mdutnall46@fastcompany.com,Female,Apt 820,France
152,Betsey,Pile,bpile47@csmonitor.com,Female,16th Floor,Brazil
153,Theresa,Heino,theino48@edublogs.org,Female,Suite 8,Brazil
154,Moore,Tremmil,mtremmil49@prlog.org,Male,Apt 1333,Indonesia
155,Timofei,Sparshett,tsparshett4a@howstuffworks.com,Male,Suite 71,
156,Viviana,Stanes,vstanes4b@washington.edu,Female,16th Floor,Libya
157,Elbert,Hardesty,ehardesty4c@nature.com,Male,Apt 1891,Argentina
158,Lauri,Tight,ltight4d@amazonaws.com,Female,PO Box 87240,Thailand
159,Kally,Zimmerman,kzimmerman4e@cnbc.com,Female,Apt 1474,Philippines
160,Normand,Teffrey,nteffrey4f@newyorker.com,Male,PO Box 71000,China
161,Thaine,Bilham,tbilham4g@bigcartel.com,Male,Room 307,Oman
162,Marjorie,Pirdy,mpirdy4h@sciencedirect.com,Female,Room 121,Sudan
163,Erna,Hertwell,ehertwell4i@chicagotribune.com,Female,9th Floor,Brazil
164,Dilan,O' Quirk,doquirk4j@go.com,Male,Apt 1580,Brazil
165,Hope,Casserly,hcasserly4k@geocities.com,Female,Room 1877,Serbia
166,Bonnee,Bice,bbice4l@ovh.net,Female,Apt 1104,China
167,Gelya,Rebichon,grebichon4m@utexas.edu,Female,Room 496,Thailand
168,Kimbell,Thew,kthew4n@ucoz.com,Male,PO Box 20430,Indonesia
169,Blair,Spittle,bspittle4o@addthis.com,Male,Apt 1430,Russia
170,Yard,Le feuvre,ylefeuvre4p@cloudflare.com,Female,16th Floor,China
171,Wendall,Sorsbie,wsorsbie4q@sogou.com,Male,Apt 607,North Korea
172,Ariela,Woffenden,awoffenden4r@washingtonpost.com,Female,Apt 883,Russia
173,Evey,McCobb,emccobb4s@facebook.com,Female,Apt 1958,Sweden
174,Hart,Maslin,hmaslin4t@trellian.com,Male,Apt 1221,Brazil
175,Stepha,Potes,spotes4u@live.com,Female,Room 207,Indonesia
176,Ania,Busfield,abusfield4v@altervista.org,Female,Apt 1344,Honduras
177,Clare/,Lovitt,clovitt4w@google.pl,Male,Room 834,Sweden
178,Aristotle,Desporte,adesporte4x@huffingtonpost.com,Male,Apt 999,Argentina
179,Melony,Longland,mlongland4y@google.de,Female,Room 112,China
180,Chance,Armytage,carmytage4z@redcross.org,Male,Room 1743,Ivory Coast
181,Jenilee,Sissland,jsissland50@cisco.com,Female,12th Floor,Brazil
182,Melesa,Northcliffe,mnorthcliffe51@ycombinator.com,Male,14th Floor,Philippines
183,Justino,Treby,jtreby52@google.com,Male,PO Box 4779,China
184,Martica,Nurny,mnurny53@seesaa.net,Female,Room 567,China
185,Addy,Cod,acod54@mtv.com,Female,Room 1777,Argentina
186,Calv,Geator,cgeator55@nhs.uk,Male,Room 687,Czech Republic
187,Ollie,Sneezum,osneezum56@dropbox.com,,Room 239,Argentina
188,Ashien,Persicke,apersicke57@prnewswire.com,Female,20th Floor,Russia
189,Lyon,Lanfer,llanfer58@mozilla.org,Male,Room 1669,China
190,Ruthann,Swiers,rswiers59@blogtalkradio.com,Female,Suite 85,Colombia
191,Adah,Haggis,ahaggis5a@sohu.com,Female,Suite 25,
192,Uri,Stolworthy,ustolworthy5b@nyu.edu,Male,Room 1744,Poland
193,Carin,Dignam,cdignam5c@purevolume.com,Female,Room 1891,Kuwait
194,Marcella,Provost,mprovost5d@studiopress.com,Female,Apt 1449,Guatemala
195,Charline,Moyse,cmoyse5e@nifty.com,Female,10th Floor,Serbia
196,Fredericka,Bruneau,fbruneau5f@umich.edu,Female,Suite 19,Pakistan
197,Worden,Bosward,wbosward5g@google.es,Male,PO Box 12715,China
198,Spence,Allred,sallred5h@oakley.com,Male,Suite 9,Argentina
199,Elwyn,Slocomb,eslocomb5i@java.com,Male,Room 871,Serbia
200,Miquela,Gluyus,mgluyus5j@ucsd.edu,,Suite 100,Belarus
201,Louis,Langsbury,llangsbury5k@abc.net.au,Male,1st Floor,Brazil
202,Craig,Bruckstein,cbruckstein5l@sohu.com,Male,Suite 60,Czech Republic
203,Eugenie,Jillings,ejillings5m@webmd.com,Female,Suite 93,Canada
204,Hymie,Megson,hmegson5n@gravatar.com,Male,PO Box 33441,China
205,Kasper,Sketh,ksketh5o@icq.com,Male,Suite 30,Serbia
206,Cob,Lynagh,clynagh5p@dailymail.co.uk,Male,PO Box 65867,China
207,Conrado,Shill,cshill5q@jigsy.com,Male,Suite 58,Colombia
208,Cammie,Rasp,crasp5r@webeden.co.uk,Male,PO Box 11869,Mexico
209,Brewster,Websdale,bwebsdale5s@odnoklassniki.ru,Male,PO Box 82440,Brazil
210,Daniella,Baselio,dbaselio5t@amazon.co.jp,Female,Suite 99,China
211,Rea,Bridgen,rbridgen5u@aboutads.info,Female,Apt 1878,Sri Lanka
212,Tommie,Harman,tharman5v@furl.net,Male,20th Floor,China
213,Jodie,Bewsey,jbewsey5w@hc360.com,Male,Apt 1685,Indonesia
214,Hildegaard,Geikie,hgeikie5x@example.com,Female,Suite 26,Nigeria
215,Avie/,Armin,aarmin5y@wikipedia.org,Female,PO Box 92994,France
216,Bessy,Coupar,bcoupar5z@bloglovin.com,Female,Room 1905,Brazil
217,Dominick,de Clercq,ddeclercq60@artisteer.com,Male,Apt 112,Poland
218,Alejandra,Giacomelli,agiacomelli61@i2i.jp,Female,Suite 27,Portugal
219,Farah,Myhill,fmyhill62@friendfeed.com,Female,Apt 763,Russia
220,Dulcy,Nisius,dnisius63@washingtonpost.com,Female,Suite 42,Brazil
221,Rock,Muzzi,rmuzzi64@topsy.com,Male,Apt 1839,France
222,Ivar,Copcutt,icopcutt65@reuters.com,Male,11th Floor,Armenia
223,Ketti,Corkitt,kcorkitt66@smh.com.au,Female,PO Box 97825,China
224,Ora,Graber,ograber67@ihg.com,Female,Suite 75,China
225,Ileana,Barling,ibarling68@berkeley.edu,Female,Apt 1308,Indonesia
226,Arabela,Smout,asmout69@wp.com,Female,Room 969,China
227,Manuel,Wimbush,mwimbush6a@ocn.ne.jp,Male,Apt 1248,Indonesia
228,Gannon,Bloss,gbloss6b@purevolume.com,Male,Apt 340,Portugal
229,Wynnie,Keith,wkeith6c@nasa.gov,Female,Suite 74,China
230,Hildagard,McColley,hmccolley6d@msn.com,Female,Suite 43,Indonesia
231,Elsworth,Natwick,enatwick6e@google.co.uk,Male,PO Box 30378,Indonesia
232,Arlyn,Brosetti,abrosetti6f@issuu.com,Female,Apt 459,Taiwan
233,Georgette,Danzig,gdanzig6g@cloudflare.com,Female,14th Floor,China
234,Kaitlin,De Lascy,kdelascy6h@g.co,Female,PO Box 73018,Czech Republic
235,Robby/,Keelan,rkeelan6i@dot.gov,Female,13th Floor,Philippines
236,Vassily,McGiveen,vmcgiveen6j@sogou.com,Male,Apt 1184,Uruguay
237,Arlen,Sibly,asibly6k@geocities.jp,Female,Room 1669,China
238,Bathsheba,Syphas,bsyphas6l@t-online.de,Female,,Brazil
239,Colline,Tabourier,ctabourier6m@storify.com,Female,Apt 285,China
240,Haslett,Kilpin,hkilpin6n@behance.net,Male,Room 1529,Armenia
241,Merle,Francombe,mfrancombe6o@princeton.edu,Female,10th Floor,Nicaragua
242,Homerus,Brabham,hbrabham6p@dagondesign.com,Male,Apt 520,Thailand
243,Maggee,Millott,mmillott6q@cnn.com,Female,Room 303,Czech Republic
244,Bax/,Paolillo,bpaolillo6r@archive.org,Male,5th Floor,Dominican Republic
245,Skipper,Winskill,swinskill6s@networksolutions.com,Male,PO Box 24857,Poland
246,Julius,Cursey,jcursey6t@youtube.com,Male,19th Floor,Cameroon
247,Clerkclaude,Enrdigo,cenrdigo6u@quantcast.com,Male,PO Box 417,Portugal
248,Roth,Drewery,rdrewery6v@biglobe.ne.jp,Male,Apt 835,China
249,Ange,Lorenzetti,alorenzetti6w@smh.com.au,Male,PO Box 85694,China
250,Davidde,Bleiman,dbleiman6x@ihg.com,Male,Suite 15,Russia
251,Gerhard,Goozee,ggoozee6y@aol.com,Male,14th Floor,Russia
252,Bradley,Balmer,bbalmer6z@51.la,Male,Apt 1026,Moldova
253,Nevin,Amthor,namthor70@senate.gov,Male,Apt 951,Indonesia
254,Mair,MacIlraith,mmacilraith71@cpanel.net,Female,Room 929,China
255,Dasya,McNay,dmcnay72@mayoclinic.com,Female,PO Box 97100,Peru
256,Raleigh,Mepsted,rmepsted73@sitemeter.com,Male,Suite 83,China
257,Filippo,Borell,fborell74@mtv.com,Male,PO Box 34168,Bulgaria
258,Lauretta,Grier,lgrier75@oakley.com,Female,Room 610,Lithuania
259,Abey,Lander,alander76@yolasite.com,Male,PO Box 94525,
260,Stanford,Langman,slangman77@php.net,Male,Apt 42,China
261,Theo/,De Malchar,tdemalchar78@yelp.com,Female,1st Floor,United Kingdom
262,Nannie,Strickler,nstrickler79@vistaprint.com,Female,PO Box 76965,Japan
263,Levon,Keep,lkeep7a@webnode.com,Male,Apt 1095,Russia
264,Chuck,Sherlock,csherlock7b@tuttocitta.it,Male,Suite 50,Russia
265,Vince,Dechelette,vdechelette7c@pbs.org,Male,PO Box 54193,Czech Republic
266,Bartholomew,Gerhartz,bgerhartz7d@blinklist.com,Female,Apt 1635,Philippines
267,Elliott,Youll,eyoull7e@intel.com,Male,PO Box 36686,Philippines
268,Harlen,Limb,hlimb7f@nifty.com,Male,Apt 1932,Poland
269,Kelsi,Arend,karend7g@businessinsider.com,Female,PO Box 55882,Czech Republic
270,Lynna,Diben,ldiben7h@bbc.co.uk,Female,Apt 1942,Mexico
271,Rebeca,Dufoure,rdufoure7i@pen.io,Female,11th Floor,Nigeria
272,Pierson,Dailey,pdailey7j@imgur.com,Female,PO Box 35366,Czech Republic
273,Madelin,Ply,mply7k@state.tx.us,Female,Suite 87,Russia
274,Ethelbert,McPherson,emcpherson7l@telegraph.co.uk,Male,Suite 41,
275,Sigismund,Fassmann,sfassmann7m@independent.co.uk,Male,19th Floor,Brazil
276,Shep,Getcliff,sgetcliff7n@vk.com,Male,Room 253,
277,Urbano,Crellim,ucrellim7o@netscape.com,Male,PO Box 75555,China
278,Charles,Seaking,cseaking7p@1688.com,Male,Room 1455,Portugal
279,Shamus,Klemke,sklemke7q@engadget.com,Male,PO Box 76052,Pakistan
280,Odessa,Dumper,odumper7r@blog.com,Female,Apt 96,China
281,Joice,Orsman,jorsman7s@vimeo.com,Female,Apt 27,China
282,Fitzgerald,Ast,fast7t@merriam-webster.com,Male,13th Floor,China
283,Kellie,Pybus,kpybus7u@cyberchimps.com,Female,Room 1275,Indonesia
284,Bobbette,Mathevet,bmathevet7v@economist.com,Female,Room 264,Sweden
285,Artair,Eilhermann,aeilhermann7w@dell.com,Male,PO Box 33847,China
286,Elset,Mattin,emattin7x@deviantart.com,Female,3rd Floor,Japan
287,Haven,Philippet,hphilippet7y@ning.com,Male,Apt 89,Chile
288,Francisca,O'Hannay,fohannay7z@miibeian.gov.cn,Female,5th Floor,Namibia
289,Carleton,Canizares,ccanizares80@dropbox.com,Male,PO Box 54876,Iran
290,Towney,Lineen,tlineen81@va.gov,Male,7th Floor,China
291,Deane,Rideout,drideout82@people.com.cn,Male,Apt 913,Indonesia
292,Anastasia,Willgoss,awillgoss83@nba.com,Female,10th Floor,China
293,Gaspard,Muldowney,gmuldowney84@oakley.com,Male,10th Floor,Sweden
294,Aguie,Keele,akeele85@dot.gov,Male,Apt 102,Russia
295,Jerry,Baggelley,jbaggelley86@last.fm,Male,Apt 1886,Morocco
296,Maryanna,Stabbins,mstabbins87@tuttocitta.it,Female,Suite 7,
297,Livia,Exposito,lexposito88@weebly.com,Female,Apt 131,Philippines
298,Leo,Jaram,ljaram89@abc.net.au,Female,,Indonesia
299,Blinnie,Harsum,bharsum8a@uiuc.edu,Female,Room 1937,Philippines
300,Addison,Tansey,atansey8b@hostgator.com,Male,19th Floor,China
301,Barrie,Boggas,bboggas8c@wisc.edu,Female,PO Box 53458,China
302,Aurelia,Compton,acompton8d@sitemeter.com,Female,PO Box 11859,Russia
303,Valentine,Ayliff,vayliff8e@discovery.com,Male,17th Floor,Burkina Faso
304,Hamel,Leah,hleah8f@umich.edu,Male,8th Floor,Myanmar
305,Gerda,Rivers,grivers8g@homestead.com,Female,PO Box 9505,China
306,Xena,Donovan,xdonovan8h@ft.com,Female,Room 414,France
307,Ario,Glascott,aglascott8i@sina.com.cn,Male,11th Floor,Dominican Republic
308,Adey,Elders,aelders8j@so-net.ne.jp,Female,PO Box 95809,Czech Republic
309,Melly,Nozzolii,mnozzolii8k@hud.gov,,PO Box 44741,Sweden
310,Gregoire,Rowden,growden8l@weather.com,Male,Suite 65,Poland
311,Nataniel,Gentreau,ngentreau8m@infoseek.co.jp,Female,Room 1740,Indonesia
312,Dorette,Zylbermann,dzylbermann8n@theatlantic.com,Female,Suite 68,Tanzania
313,Alwyn,Deelay,adeelay8o@gmpg.org,Male,13th Floor,Russia
314,Agustin,Yvon,ayvon8p@oakley.com,Male,Room 1418,China
315,Cherlyn,Degli Antoni,cdegliantoni8q@nydailynews.com,Female,Suite 80,Philippines
316,Allie,Nother,another8r@blogs.com,Female,Suite 90,
317,Geno,Bartosinski,gbartosinski8s@toplist.cz,Male,PO Box 98682,United Kingdom
318,Eugine,McCaighey,emccaighey8t@vimeo.com,Female,19th Floor,Russia
319,Timmy,Pilgrim,tpilgrim8u@indiegogo.com,Male,Room 924,Russia
320,Teodora,Grahame,tgrahame8v@princeton.edu,Female,10th Floor,Peru
321,Mari,Klemmt,mklemmt8w@statcounter.com,Female,Apt 802,Brazil
322,Claudio,Feldbrin,cfeldbrin8x@msn.com,Male,Room 727,Russia
323,Denis,Sellner,dsellner8y@sina.com.cn,Male,Room 1979,Poland
324,Corissa,Huckerby,chuckerby8z@wikia.com,Female,PO Box 26346,Mali
325,Jolene,Wilbor,jwilbor90@devhub.com,,Room 1879,Poland
326,Zuzana,Giannotti,zgiannotti91@mozilla.com,Male,4th Floor,Costa Rica
327,Ginny,Cowterd,gcowterd92@huffingtonpost.com,Female,7th Floor,Ukraine
328,Adi,Guillford,aguillford93@dropbox.com,Female,Suite 27,Ukraine
329,Herve,Carcas,hcarcas94@slashdot.org,Male,13th Floor,Russia
330,Darsey,Coutts,dcoutts95@timesonline.co.uk,Female,PO Box 46818,China
331,Umeko,Bellini,ubellini96@smugmug.com,Female,Room 392,China
332,Curtice,Cattell,ccattell97@goo.gl,Male,,Brazil
333,Mirella,Leal,mleal98@boston.com,Female,1st Floor,Greece
334,Currie,Emlyn,cemlyn99@tmall.com,Male,1st Floor,United States
335,Ferdy,Pawsey,fpawsey9a@ycombinator.com,Female,PO Box 86906,China
336,Arnold,Fairbairn,afairbairn9b@examiner.com,Male,Room 1826,Morocco
337,Helaine,Luto,hluto9c@rambler.ru,Female,Room 1138,Dominican Republic
338,Nyssa,Sheppey,nsheppey9d@skyrock.com,Female,PO Box 1836,Russia
339,Abbe,Alentyev,aalentyev9e@flavors.me,Male,,Indonesia
340,Kathy,Mylan,kmylan9f@sciencedaily.com,Female,7th Floor,Greece
341,Issy,Alderwick,ialderwick9g@simplemachines.org,Female,PO Box 89468,Indonesia
342,Roland,Sains,rsains9h@paginegialle.it,,Room 1903,Central African Republic
343,Ferd,Driussi,fdriussi9i@disqus.com,Male,8th Floor,Russia
344,Maegan,Ritchley,mritchley9j@ebay.co.uk,Female,Apt 1522,
345,Dal,Dallman,ddallman9k@uol.com.br,Male,Room 880,Canada
346,Morgen,Husselbee,mhusselbee9l@ft.com,Female,12th Floor,Greece
347,Lorry,Dicker,ldicker9m@columbia.edu,Male,Room 1077,Mexico
348,Boyd,Edgeworth,bedgeworth9n@samsung.com,Male,PO Box 14815,Indonesia
349,Mendy,Stiffkins,mstiffkins9o@ask.com,Male,17th Floor,Philippines
350,Hernando,Lamzed,hlamzed9p@cmu.edu,Male,PO Box 68880,Poland
351,Rene,Keggin,rkeggin9q@webnode.com,Female,4th Floor,Peru
352,Albie,Greenman,agreenman9r@vk.com,Male,Room 382,Cameroon
353,Minta,Ivel,mivel9s@parallels.com,Female,Suite 38,Niger
354,Winny,Capelle,wcapelle9t@wikipedia.org,Male,Apt 655,Armenia
355,Lyndsey,Jouhan,ljouhan9u@slate.com,Female,PO Box 66294,
356,Beckie,Knapp,bknapp9v@ucla.edu,Female,,
357,Vincent,Trustey,vtrustey9w@dell.com,Male,PO Box 21670,China
358,Kathie,Durnan,kdurnan9x@imgur.com,Female,Suite 20,Philippines
359,Elisabetta,Kalkofen,ekalkofen9y@si.edu,Female,Apt 772,Indonesia
360,Codi,Wonfar,cwonfar9z@ted.com,Female,PO Box 15144,Bosnia and Herzegovina
361,Vittorio,MacCleod,vmaccleoda0@statcounter.com,Male,Suite 82,Russia
362,Vikky,Seivwright,vseivwrighta1@drupal.org,Female,Room 1301,
363,Damara,Ceaplen,dceaplena2@senate.gov,Female,PO Box 29662,Peru
364,Dacia,Ayscough,dayscougha3@cnet.com,Female,Suite 29,Japan
365,Jasun,Hubback,jhubbacka4@wired.com,Female,Room 551,Bangladesh
366,Jeddy,Laurenzi,jlaurenzia5@bbc.co.uk,Male,12th Floor,
367,Viola,Linfield,vlinfielda6@csmonitor.com,Female,Suite 16,Colombia
368,Jamie,McKinney,jmckinneya7@ovh.net,Female,Apt 942,China
369,Milli,Olivet,moliveta8@drupal.org,Female,16th Floor,Greece
370,Nicolai,Raraty,nraratya9@yahoo.co.jp,Male,Apt 399,Russia
371,Nalani,Chaudron,nchaudronaa@studiopress.com,Female,PO Box 25724,Albania
372,Ema,Oag,eoagab@ft.com,Female,18th Floor,Slovenia
373,Allis,Le Prevost,aleprevostac@jigsy.com,Female,Suite 71,Panama
374,Barny,Mathys,bmathysad@google.es,Male,Room 366,Vietnam
375,Creighton,Postle,cpostleae@bandcamp.com,Male,8th Floor,Indonesia
376,Gage,Stowers,gstowersaf@wikimedia.org,Male,Apt 1233,Philippines
377,Elora,Ivatts,eivattsag@npr.org,Female,11th Floor,Russia
378,Lula,Andrick,landrickah@desdev.cn,Female,Apt 1523,Syria
379,Luce,Olin,lolinai@washington.edu,Male,PO Box 8093,Bangladesh
380,Mildred,Feldstein,mfeldsteinaj@cafepress.com,Female,Apt 174,Russia
381,Joey,Collop,jcollopak@aol.com,Female,PO Box 59508,Somalia
382,Franklyn,Bickell,fbickellal@stumbleupon.com,Male,20th Floor,China
383,Massimo,Nyland,mnylandam@bigcartel.com,Male,Room 1141,China
384,Laurie,Upstone,lupstonean@salon.com,Male,Suite 16,Sweden
385,Rene,Simmons,rsimmonsao@twitpic.com,Male,PO Box 93177,
386,Rebekkah,Annes,rannesap@wp.com,Female,PO Box 79678,Greece
387,Christina,Iveagh,civeaghaq@cafepress.com,Female,Room 1868,Russia
388,Ruthanne,Twinbrow,rtwinbrowar@about.me,Female,Suite 60,Argentina
389,Sibella,Adrianello,sadrianelloas@ca.gov,Female,PO Box 96165,South Africa
390,Cherilynn,Marty,cmartyat@spotify.com,Female,PO Box 33834,Japan
391,Ruperto,Cornick,rcornickau@intel.com,Male,Room 616,Poland
392,Walsh,Curry,wcurryav@simplemachines.org,Male,Apt 899,Sweden
393,Carroll,Lanahan,clanahanaw@feedburner.com,Female,PO Box 60164,China
394,Muriel,Betonia,mbetoniaax@globo.com,Female,Room 1166,
395,Jeramie,Caldwell,jcaldwellay@people.com.cn,Male,Suite 29,Cuba
396,Onfre,Gerholz,ogerholzaz@pen.io,Male,Apt 1160,Indonesia
397,Nanete,Kernes,nkernesb0@tripadvisor.com,Female,Apt 613,Portugal
398,Egan,De Giorgio,edegiorgiob1@feedburner.com,Male,15th Floor,China
399,Esmeralda,Pechacek,epechacekb2@google.es,Female,3rd Floor,Portugal
400,Hyacinthie,Epton,heptonb3@163.com,Female,PO Box 20695,
